{
    "websiteLink": "https://www.webtonative.com/api/v1/demo/handleDemoRedirection?requestId=697fed991a53514101a2e29d",
    "testLink": "https://share.google/e6IlVk9SxMpmhM5uS",
    "id": "697fed991a53514101a2e29d",
    "applicationId": "com.wnapp.id1769991577021",
    "iconImg": "https://www.webtonative.com/static/images/app-defaults/ios_icon.png",
    "splashIconUrl": null,
    "splashWithAnimation": true,
    "splashIconWidth": 200,
    "splashIconHeight": 200,
    "barcodeEnabled": false,
    "requestTrackingAuthorization": false,
    "requestTrackingConsentOnLoad": true,
    "buildId": 1769991583208,
    "isPaid": false,
    "displayId": 1769991577021,
    "status": "PENDING",
    "bundleId": "com.wnapp.id1769991577021",
    "appName": "Neon Memory Ultimate",
    "internalExternalLinks": [
        {
            "type": "EXTERNAL",
            "label": "Non-web links",
            "regex": "^(?!https?://).*",
            "pageType": "CUSTOM"
        },
        {
            "type": "EXTERNAL",
            "label": "Facebook",
            "regex": "https?://([-\\w]+\\.)*facebook\\.com.*",
            "pageType": "CUSTOM"
        },
        {
            "type": "EXTERNAL",
            "label": "Twitter",
            "regex": "https?://([-\\w]+\\.)*twitter\\.com/.*",
            "pageType": "CUSTOM"
        },
        {
            "type": "EXTERNAL",
            "label": "Instagram",
            "regex": "https?://([-\\w]+\\.)*instagram\\.com/.*",
            "pageType": "CUSTOM"
        },
        {
            "type": "EXTERNAL",
            "label": "Google Maps",
            "regex": "https?://maps\\.google\\.com.*",
            "pageType": "CUSTOM"
        },
        {
            "type": "EXTERNAL",
            "label": "Google Maps Search",
            "regex": "https?://([-\\w]+\\.)*google\\.com/maps/search/.*",
            "pageType": "CUSTOM"
        },
        {
            "type": "EXTERNAL",
            "label": "LinkedIn",
            "regex": "https?://([-\\w]+\\.)*linkedin\\.com/.*",
            "pageType": "CUSTOM"
        },
        {
            "type": "EXTERNAL",
            "label": "Whatsapp",
            "regex": "https?://([-\\w]+\\.)*whatsapp\\.com/.*",
            "pageType": "CUSTOM"
        },
        {
            "type": "INTERNAL",
            "label": "All Other Links",
            "regex": ".*",
            "pageType": "ALL_PAGES"
        }
    ],
    "splash": {
        "text": "Neon Memory Ultimate",
        "fontFamily": "Lobster",
        "fontWeight": "400",
        "backgroundColor": "#ff725e",
        "color": "#ffffff",
        "fontSize": "20",
        "customizationType": "WITH_ANIMATION",
        "splashJsonPath": "https://www.webtonative.com/static/images/app-defaults/phonological.json",
        "animationBGColor": "#000000",
        "useAppIconForSplash": true
    },
    "icon": {
        "iconText": "NM",
        "fontFamily": "Lobster",
        "fontWeight": "400",
        "backgroundColor": "#ff725e",
        "color": "#ffffff",
        "fontSize": "40",
        "imgPath": "https://www.webtonative.com/static/images/app-defaults/ios_icon.png"
    },
    "noInternet": true,
    "noInternetData": {
        "pages": [
            {
                "topMarginPercent": 14,
                "elements": [
                    {
                        "fileName": "no_internet.png",
                        "fileUrl": "https://assets.orufy.com/no_internet_b3bd47e921.png",
                        "type": "image"
                    },
                    {
                        "fontSize": 32,
                        "type": "text",
                        "value": "Oops!",
                        "textColor": "#363942",
                        "fontWeight": 700
                    },
                    {
                        "fontSize": 14,
                        "type": "text",
                        "value": "Slow or No Internet Connection Please check your connection settings",
                        "textColor": "#363942",
                        "fontWeight": 400
                    }
                ]
            }
        ],
        "bgColor": "#FFFFFF",
        "actionButtons": [
            {
                "btnBgColor": "#363942",
                "borderColor": "#363942",
                "borderWidth": 4,
                "text": "Try Again",
                "roundedCornerPercent": 8,
                "textColor": "#ffffff",
                "url": "#"
            }
        ]
    }
}